dark maroon	striped silver
dark maroon	mirrored maroon
dark maroon	shiny gold
dark maroon	dotted gold
dark coral	pale blue
dark coral	wavy yellow
dark coral	vibrant tan
dark coral	striped purple
striped aqua	pale aqua
striped aqua	muted yellow
striped aqua	pale maroon
striped aqua	shiny coral
wavy coral	pale purple
wavy coral	bright olive
bright aqua	mirrored purple
bright aqua	dull maroon
muted plum	dark beige
pale cyan	dull gray
pale cyan	posh olive
pale cyan	striped silver
muted aqua	muted black
muted aqua	posh cyan
wavy fuchsia	light gray
wavy fuchsia	wavy beige
plaid orange	vibrant bronze
plaid orange	pale silver
plaid orange	shiny blue
plaid orange	plaid maroon
dotted salmon	clear lavender
dark gray	plaid gray
dark gray	clear yellow
dark gray	posh gray
vibrant aqua	posh salmon
mirrored yellow	drab turquoise
mirrored yellow	drab teal
mirrored yellow	light cyan
mirrored yellow	wavy gray
muted indigo	pale cyan
muted indigo	striped brown
muted indigo	striped red
striped white	pale maroon
striped white	dull yellow
striped white	mirrored white
light beige	clear cyan
light beige	dull gold
light beige	dark olive
mirrored turquoise	dull gray
mirrored turquoise	muted turquoise
mirrored turquoise	dull indigo
clear lime	dotted salmon
dull tomato	dim beige
dull tomato	dotted brown
dull tomato	faded magenta
dull tomato	faded gray
muted red	dark orange
muted red	light black
bright olive	pale green
bright olive	wavy red
muted cyan	mirrored lavender
muted cyan	shiny blue
faded red	bright plum
faded red	dull violet
faded red	pale yellow
faded red	pale coral
shiny white	dark beige
shiny white	clear aqua
dark tomato	pale yellow
dark tomato	bright red
clear bronze	dull salmon
dark violet	dark purple
dim indigo	plaid gray
dim indigo	pale maroon
dim indigo	bright maroon
dim indigo	dark fuchsia
striped beige	pale olive
striped beige	shiny purple
striped beige	dull salmon
bright yellow	pale gold
bright yellow	shiny maroon
vibrant plum	dotted yellow
vibrant plum	plaid white
vibrant plum	drab red
vibrant plum	clear lavender
clear olive	mirrored magenta
bright lime	mirrored turquoise
bright lime	clear plum
bright lime	dull aqua
bright lime	drab green
bright tan	vibrant lavender
bright tan	vibrant salmon
bright tan	dim green
dull gold	dotted lavender
dull crimson	shiny tomato
dotted tomato	dark coral
dotted tomato	pale plum
shiny gold	muted orange
shiny gold	faded tan
shiny gold	faded orange
shiny gold	dull brown
bright blue	plaid cyan
bright blue	dim magenta
bright blue	drab magenta
shiny tomato	vibrant aqua
shiny tomato	clear tan
pale silver	wavy orange
pale silver	dotted green
pale silver	drab silver
faded indigo	striped gold
faded indigo	clear olive
faded gray	drab lime
faded gray	clear maroon
faded gray	mirrored silver
faded gray	shiny brown
faded magenta	dim gold
faded magenta	wavy lavender
faded magenta	posh brown
bright coral	drab tan
bright coral	pale beige
bright coral	clear turquoise
bright coral	faded white
plaid salmon	striped tan
plaid salmon	pale blue
drab aqua	wavy turquoise
mirrored silver	dull brown
mirrored silver	pale black
mirrored silver	mirrored plum
mirrored silver	dotted red
light salmon	dotted chartreuse
wavy crimson	dim olive
wavy crimson	mirrored black
wavy crimson	faded salmon
posh maroon	dark teal
posh maroon	dim violet
posh maroon	mirrored tan
light lavender	vibrant turquoise
light lavender	pale orange
light lavender	shiny orange
light lavender	drab turquoise
dark lavender	shiny salmon
dark lavender	wavy cyan
dark lavender	dim lavender
shiny green	shiny brown
shiny green	dim coral
pale violet	faded white
dotted silver	pale blue
posh olive	vibrant chartreuse
posh olive	posh salmon
posh olive	plaid coral
vibrant gray	wavy yellow
wavy brown	vibrant indigo
wavy brown	vibrant green
wavy brown	wavy blue
wavy brown	dim magenta
wavy teal	vibrant indigo
wavy teal	vibrant turquoise
mirrored black	vibrant turquoise
mirrored black	drab salmon
mirrored black	pale tan
faded maroon	wavy crimson
faded maroon	faded white
mirrored salmon	striped purple
mirrored salmon	vibrant black
mirrored salmon	drab green
faded brown	wavy turquoise
drab tomato	pale brown
dotted violet	plaid chartreuse
dotted violet	shiny beige
dotted violet	clear tan
light orange	dull aqua
light orange	clear silver
light orange	bright tomato
light orange	bright teal
drab salmon	dark coral
drab salmon	wavy brown
drab salmon	striped purple
drab salmon	dull gray
dotted maroon	dark orange
dotted maroon	wavy brown
striped chartreuse	striped yellow
striped chartreuse	shiny orange
striped chartreuse	dotted turquoise
striped chartreuse	pale violet
shiny tan	dim beige
shiny tan	pale tomato
plaid purple	light coral
plaid purple	faded salmon
wavy tan	vibrant tan
pale lavender	dotted red
pale lavender	bright green
pale lavender	bright violet
posh crimson	light white
dark lime	plaid white
dark lime	bright gray
light green	bright magenta
light green	light chartreuse
light coral	pale black
light coral	vibrant indigo
light coral	wavy olive
dark bronze	dim teal
dark bronze	dark maroon
light brown	dim white
light brown	muted green
light brown	dull white
dim chartreuse	drab bronze
dim chartreuse	mirrored maroon
dim chartreuse	dark salmon
dim chartreuse	light coral
posh tan	plaid tan
posh tan	drab red
posh tan	vibrant salmon
posh tan	plaid salmon
vibrant blue	dim turquoise
vibrant blue	plaid lime
vibrant blue	faded turquoise
vibrant blue	faded gold
dark indigo	pale gray
dark indigo	mirrored orange
dark indigo	vibrant gray
bright fuchsia	light cyan
bright fuchsia	vibrant chartreuse
bright fuchsia	wavy yellow
bright fuchsia	vibrant olive
posh white	light lime
posh white	muted teal
posh white	dull aqua
clear blue	faded tan
drab gold	mirrored beige
posh blue	vibrant brown
posh blue	vibrant salmon
shiny magenta	dotted fuchsia
clear brown	posh olive
clear brown	drab silver
clear brown	dark purple
muted brown	wavy yellow
dim maroon	wavy crimson
dim maroon	faded tan
clear gold	dark aqua
clear gold	shiny coral
clear gold	dim fuchsia
clear gold	mirrored blue
dull coral	faded salmon
dull coral	pale aqua
dull coral	dull aqua
dull coral	dull silver
vibrant chartreuse	dull gray
vibrant chartreuse	bright purple
posh beige	dotted turquoise
posh beige	vibrant tan
posh beige	pale orange
posh beige	bright salmon
bright white	dotted purple
bright white	bright violet
posh red	vibrant bronze
posh red	wavy beige
drab tan	dull indigo
drab tan	faded tan
dull blue	dark maroon
wavy plum	clear gray
wavy plum	dark teal
wavy plum	faded gray
light tomato	muted red
light tomato	muted maroon
light tomato	dim teal
posh purple	wavy black
posh purple	vibrant salmon
dull lavender	posh tomato
dull lavender	faded tan
light silver	mirrored salmon
light silver	pale yellow
light silver	clear silver
light silver	dim olive
light black	wavy crimson
light black	dull salmon
light black	muted black
light purple	vibrant purple
light purple	vibrant aqua
striped orange	clear aqua
mirrored plum	vibrant aqua
mirrored plum	vibrant turquoise
mirrored plum	faded orange
mirrored plum	bright violet
posh coral	drab yellow
posh coral	faded white
clear tomato	shiny turquoise
clear tomato	wavy cyan
clear tomato	bright bronze
clear tomato	light red
posh bronze	dull orange
posh bronze	dull salmon
posh bronze	clear blue
shiny crimson	drab green
shiny crimson	posh lime
shiny crimson	striped magenta
shiny crimson	bright teal
drab chartreuse	wavy yellow
drab chartreuse	mirrored beige
drab chartreuse	dull gold
drab chartreuse	dull plum
striped tomato	plaid tan
striped tomato	pale bronze
striped tomato	dull yellow
striped tomato	drab magenta
wavy chartreuse	dim coral
wavy chartreuse	bright chartreuse
wavy chartreuse	pale plum
posh chartreuse	dark purple
posh chartreuse	muted magenta
posh chartreuse	faded black
dotted aqua	wavy green
dotted aqua	vibrant tomato
dotted red	bright purple
dotted red	dotted gold
dotted red	mirrored magenta
dotted red	plaid indigo
faded salmon	wavy yellow
vibrant fuchsia	mirrored coral
drab coral	mirrored brown
drab coral	dotted lavender
drab coral	drab bronze
drab coral	dim chartreuse
posh aqua	bright olive
dark chartreuse	plaid silver
vibrant maroon	shiny brown
vibrant maroon	faded black
vibrant maroon	drab silver
striped salmon	dark gray
striped salmon	muted tomato
posh gray	clear plum
dotted gray	drab salmon
dotted gray	dim coral
clear aqua	dotted lavender
clear aqua	striped purple
clear aqua	light purple
dark aqua	dark indigo
dark aqua	bright bronze
bright brown	plaid salmon
bright brown	faded indigo
clear violet	pale cyan
clear violet	dull aqua
clear violet	pale brown
clear violet	dim plum
wavy salmon	clear tomato
wavy salmon	bright bronze
wavy salmon	posh purple
wavy salmon	faded black
drab green	mirrored maroon
drab green	vibrant aqua
drab green	dim olive
posh silver	muted black
posh silver	pale cyan
posh silver	dark plum
posh silver	shiny bronze
dull indigo	striped purple
pale magenta	drab coral
pale magenta	plaid blue
pale magenta	wavy yellow
pale magenta	dark salmon
light olive	pale gold
muted crimson	striped cyan
muted crimson	vibrant bronze
muted crimson	dull coral
muted crimson	vibrant black
plaid yellow	bright silver
vibrant gold	vibrant tan
bright beige	pale beige
bright beige	dark lavender
bright beige	dull teal
faded white	pale brown
faded white	muted orange
faded white	dull indigo
striped gray	pale chartreuse
plaid brown	dull teal
plaid brown	wavy beige
dotted green	posh gray
dull turquoise	faded coral
dull turquoise	bright green
faded plum	dull fuchsia
clear maroon	light purple
clear maroon	dim crimson
clear maroon	vibrant bronze
posh green	plaid silver
vibrant teal	dotted gold
faded coral	dull aqua
faded coral	wavy orange
faded coral	drab chartreuse
faded coral	muted olive
wavy beige	dark plum
wavy beige	dull lavender
wavy beige	drab green
dim magenta	plaid coral
dim magenta	faded orange
striped teal	bright tan
drab crimson	clear salmon
drab crimson	clear orange
drab crimson	striped yellow
dotted yellow	dull gray
mirrored tan	dotted fuchsia
mirrored tan	vibrant lavender
wavy aqua	drab gray
wavy aqua	muted yellow
wavy aqua	shiny lavender
wavy aqua	plaid turquoise
wavy gray	dim green
wavy gray	plaid blue
dull teal	mirrored black
dull teal	dark plum
dull teal	drab silver
dull teal	mirrored gray
striped indigo	clear violet
striped indigo	dotted yellow
striped indigo	clear tomato
dim brown	drab bronze
dim brown	shiny yellow
dim brown	pale olive
dim brown	drab silver
mirrored teal	faded orange
dull salmon	dark indigo
dull salmon	striped gray
dark tan	striped lime
dark tan	dark purple
dark tan	faded gold
clear teal	dark crimson
clear teal	bright tomato
dark olive	striped gold
dark olive	striped gray
dark olive	bright tomato
posh indigo	mirrored maroon
posh indigo	striped indigo
drab yellow	dull teal
drab yellow	plaid turquoise
faded bronze	dull orange
dull chartreuse	dull bronze
dull chartreuse	light gold
dull chartreuse	striped white
posh orange	pale crimson
posh orange	bright blue
posh orange	clear green
striped coral	pale gray
clear tan	dark plum
clear tan	posh olive
dotted tan	faded aqua
dotted tan	pale brown
dotted tan	dim chartreuse
striped brown	dark black
clear red	faded lime
clear red	striped blue
clear red	light fuchsia
clear red	drab turquoise
plaid gold	dim chartreuse
muted tomato	pale blue
muted tomato	shiny bronze
muted tomato	light teal
dotted crimson	dark maroon
light turquoise	wavy orange
light turquoise	drab red
light turquoise	plaid yellow
wavy cyan	dim magenta
wavy cyan	shiny blue
dim coral	vibrant indigo
dim coral	vibrant turquoise
dark blue	clear teal
dark blue	dim bronze
dark blue	light tan
dark blue	wavy indigo
faded gold	posh salmon
faded gold	plaid white
faded gold	dull cyan
dim fuchsia	shiny blue
dim fuchsia	dark bronze
dim fuchsia	wavy yellow
muted blue	shiny violet
muted blue	muted tomato
muted blue	light salmon
plaid bronze	dull green
mirrored maroon	dark coral
mirrored maroon	clear plum
muted olive	dark brown
muted olive	bright white
pale crimson	pale blue
pale crimson	clear plum
pale crimson	wavy yellow
pale crimson	dotted purple
striped crimson	muted teal
dark orange	dark maroon
dark orange	drab cyan
dark orange	dotted chartreuse
dark orange	shiny green
light white	faded gray
light white	dim beige
light white	bright violet
plaid white	pale brown
dim orange	faded blue
vibrant green	posh salmon
vibrant green	plaid cyan
vibrant green	clear plum
dotted beige	posh black
dotted beige	mirrored yellow
dotted beige	mirrored salmon
dim black	vibrant cyan
dim black	shiny turquoise
dim black	dotted turquoise
dim black	muted orange
mirrored tomato	dotted plum
dim violet	dotted chartreuse
pale coral	dim silver
pale coral	clear gray
vibrant lavender	dim bronze
dark crimson	shiny brown
bright orange	muted tomato
bright orange	pale black
clear yellow	striped purple
clear yellow	mirrored black
clear yellow	posh gray
posh violet	clear red
plaid tan	pale cyan
pale gold	striped olive
muted lavender	clear crimson
muted lavender	light white
faded crimson	clear coral
faded purple	dark crimson
dim silver	mirrored silver
dim silver	vibrant turquoise
dim silver	wavy turquoise
pale gray	wavy yellow
pale gray	vibrant tan
pale gray	pale tan
pale gray	dark coral
dim purple	striped silver
dim purple	plaid blue
dim purple	pale cyan
plaid red	faded coral
dull bronze	bright coral
light teal	dotted green
light teal	pale purple
mirrored blue	striped silver
muted green	drab red
muted green	drab tan
muted gray	muted coral
light fuchsia	dim indigo
shiny orange	bright green
shiny orange	shiny lime
shiny orange	striped red
shiny orange	dull turquoise
bright purple	striped purple
bright purple	shiny brown
bright purple	vibrant indigo
dotted brown	faded blue
dotted brown	shiny lavender
dotted brown	clear lavender
dotted brown	bright bronze
light maroon	muted brown
light maroon	striped orange
light maroon	clear plum
light maroon	dull lavender
wavy green	dull brown
wavy green	clear plum
dull fuchsia	dark coral
dull fuchsia	light coral
light plum	muted gold
light plum	muted crimson
light red	dull magenta
light red	wavy olive
light red	drab silver
light red	dim magenta
faded green	dotted turquoise
faded green	dull bronze
faded green	muted green
posh lime	faded brown
posh lime	wavy brown
shiny black	plaid blue
shiny black	drab salmon
muted teal	bright violet
muted teal	pale cyan
light cyan	muted silver
light cyan	faded salmon
light cyan	shiny brown
light cyan	drab magenta
faded beige	muted red
mirrored aqua	faded silver
mirrored aqua	dull maroon
mirrored aqua	dull olive
mirrored aqua	dim bronze
muted silver	dotted cyan
muted silver	muted fuchsia
muted silver	plaid purple
plaid teal	mirrored magenta
plaid teal	dotted red
bright teal	shiny brown
bright teal	vibrant tan
dark red	wavy red
dark red	dotted violet
dark red	pale tomato
muted maroon	plaid indigo
dark fuchsia	bright teal
dark fuchsia	dim blue
dark fuchsia	vibrant lavender
dark fuchsia	striped yellow
dark white	drab green
dark white	dotted chartreuse
drab maroon	faded salmon
drab maroon	dotted orange
drab maroon	faded fuchsia
dull violet	dotted tan
dull violet	pale cyan
shiny violet	dull red
shiny violet	wavy indigo
shiny violet	clear violet
shiny violet	dotted white
posh teal	muted green
posh teal	dotted brown
dotted teal	pale olive
dotted teal	mirrored crimson
dim olive	pale white
dim olive	posh olive
dim olive	striped orange
dim olive	striped silver
shiny purple	shiny salmon
shiny purple	posh plum
shiny purple	striped white
shiny purple	shiny black
mirrored white	muted turquoise
mirrored white	striped gray
mirrored white	faded lime
mirrored indigo	dim teal
mirrored indigo	drab lavender
mirrored indigo	plaid coral
mirrored indigo	posh orange
wavy orange	mirrored maroon
wavy orange	striped silver
wavy orange	wavy yellow
wavy orange	dim crimson
light indigo	vibrant cyan
light indigo	vibrant gray
dark cyan	clear tomato
dim lime	dull indigo
dim lime	wavy olive
pale beige	muted red
pale beige	clear tomato
pale beige	posh olive
plaid silver	dim plum
plaid silver	dim beige
plaid silver	plaid salmon
wavy silver	plaid indigo
wavy violet	posh chartreuse
wavy violet	mirrored tomato
clear beige	dark maroon
vibrant cyan	striped purple
vibrant cyan	muted black
faded teal	dark blue
faded teal	pale brown
drab gray	striped crimson
drab gray	shiny gold
drab gray	shiny magenta
clear turquoise	light crimson
clear turquoise	dotted cyan
plaid lime	dotted chartreuse
plaid lime	plaid orange
plaid lime	shiny fuchsia
faded tan	vibrant green
dotted indigo	light violet
dotted indigo	dull fuchsia
muted turquoise	pale tan
muted turquoise	dim olive
muted turquoise	plaid indigo
vibrant orange	dotted yellow
vibrant orange	plaid cyan
drab fuchsia	dim plum
drab fuchsia	striped red
drab fuchsia	vibrant cyan
clear green	dull magenta
clear green	wavy blue
clear green	vibrant olive
clear green	vibrant tan
light magenta	posh bronze
dull black	drab bronze
dull beige	dull lime
dull beige	wavy coral
dull beige	plaid yellow
dotted plum	posh salmon
dotted plum	vibrant chartreuse
dotted plum	dim green
vibrant salmon	dim purple
mirrored crimson	faded tomato
mirrored crimson	striped blue
mirrored crimson	vibrant green
mirrored crimson	striped turquoise
dotted fuchsia	plaid coral
dotted fuchsia	dull brown
dotted fuchsia	dark maroon
dotted cyan	clear aqua
dotted cyan	plaid gray
dotted cyan	bright bronze
mirrored bronze	vibrant black
mirrored bronze	faded maroon
mirrored bronze	drab coral
mirrored bronze	muted black
bright magenta	dim magenta
bright magenta	dotted gold
bright magenta	posh gold
faded violet	light red
dim yellow	dull orange
dim yellow	muted purple
dim yellow	faded indigo
dim yellow	dotted plum
wavy lime	clear blue
mirrored coral	dull maroon
mirrored coral	striped orange
wavy maroon	dark gold
bright gold	dim orange
bright gold	dark gray
bright gold	clear fuchsia
bright gold	clear maroon
dotted turquoise	dim olive
dotted turquoise	light red
dotted turquoise	dull fuchsia
striped plum	dark tan
striped plum	mirrored teal
striped plum	striped brown
shiny fuchsia	clear green
shiny fuchsia	muted tomato
shiny fuchsia	dark coral
shiny fuchsia	wavy blue
vibrant white	dim olive
vibrant white	bright silver
vibrant white	muted blue
dull cyan	clear teal
dull cyan	plaid blue
drab teal	clear crimson
drab teal	wavy lime
drab teal	plaid turquoise
posh turquoise	plaid fuchsia
posh turquoise	pale blue
posh turquoise	vibrant green
bright red	clear magenta
bright red	striped aqua
bright red	posh cyan
bright red	dull salmon
dark teal	dull yellow
dark teal	plaid white
dark teal	clear cyan
dark teal	striped red
vibrant beige	drab silver
vibrant beige	wavy orange
vibrant beige	pale brown
vibrant beige	faded orange
clear purple	faded indigo
clear purple	striped maroon
clear purple	vibrant plum
clear purple	light red
pale lime	plaid blue
pale lime	bright violet
pale lime	faded bronze
pale lime	dotted plum
shiny lavender	mirrored plum
posh brown	drab yellow
dark black	dull salmon
dark black	pale silver
dark black	vibrant turquoise
shiny turquoise	plaid blue
shiny turquoise	dim salmon
shiny turquoise	dull gold
dim green	vibrant turquoise
dim green	faded tan
pale maroon	dull fuchsia
dull purple	vibrant aqua
dull purple	bright blue
dull magenta	pale blue
dull magenta	shiny bronze
dull magenta	pale lavender
dull magenta	pale chartreuse
light gray	bright orange
light gray	dull gray
faded black	clear crimson
faded black	posh gray
plaid tomato	light bronze
plaid tomato	posh plum
faded aqua	shiny gold
faded aqua	pale tomato
faded aqua	plaid blue
faded aqua	faded coral
muted tan	muted tomato
muted tan	light white
muted tan	wavy lavender
muted tan	dim turquoise
dark turquoise	dotted silver
dark turquoise	vibrant chartreuse
dark turquoise	striped green
dark turquoise	dotted black
dim lavender	dark indigo
dim lavender	wavy orange
dim lavender	faded orange
dim lavender	striped orange
plaid black	light violet
plaid black	mirrored bronze
plaid black	clear blue
plaid black	clear olive
clear lavender	dim bronze
mirrored magenta	vibrant tan
mirrored magenta	wavy turquoise
mirrored magenta	clear aqua
shiny gray	wavy indigo
shiny gray	striped gold
shiny gray	drab cyan
light bronze	dark aqua
light bronze	striped gold
muted black	faded white
muted black	pale crimson
muted black	muted brown
muted black	vibrant tan
wavy purple	pale bronze
wavy purple	shiny maroon
wavy purple	dotted teal
wavy purple	pale indigo
muted orange	dotted chartreuse
muted orange	pale blue
muted orange	muted brown
muted orange	posh tomato
wavy turquoise	drab silver
wavy turquoise	vibrant purple
wavy turquoise	faded tan
dull plum	striped silver
dull plum	clear violet
mirrored olive	shiny violet
shiny teal	dim purple
shiny teal	faded violet
shiny teal	plaid crimson
dotted coral	dull indigo
dotted coral	muted silver
dotted coral	faded white
striped olive	posh tomato
striped olive	pale purple
shiny beige	wavy red
plaid aqua	muted teal
shiny silver	dotted gold
shiny silver	plaid tomato
muted chartreuse	pale crimson
muted chartreuse	mirrored black
muted chartreuse	dark purple
muted chartreuse	wavy tan
shiny lime	light tan
vibrant coral	dotted violet
vibrant coral	faded gray
vibrant coral	pale magenta
clear orange	mirrored brown
clear orange	posh turquoise
pale white	dotted gold
pale white	dotted lavender
dark green	clear tan
pale olive	mirrored black
pale olive	dull magenta
faded blue	dull magenta
dull gray	vibrant indigo
dull gray	pale crimson
dull gray	clear plum
dull lime	dim salmon
bright green	drab silver
bright green	bright bronze
dim salmon	dotted silver
dim red	vibrant green
dim red	drab tan
dim red	mirrored brown
clear magenta	clear cyan
clear magenta	light bronze
dotted bronze	striped yellow
dotted bronze	dark maroon
dotted blue	dotted tan
dotted blue	muted violet
bright cyan	pale turquoise
bright cyan	dull yellow
drab lavender	shiny green
bright black	mirrored lime
wavy black	faded indigo
wavy black	dim salmon
wavy black	drab aqua
wavy black	dull maroon
clear gray	muted fuchsia
clear gray	clear yellow
bright chartreuse	bright tomato
posh black	dotted tan
posh black	muted orange
posh black	dim purple
posh black	shiny cyan
dull green	striped tan
dull green	dull magenta
mirrored green	posh salmon
mirrored green	mirrored purple
mirrored green	vibrant magenta
dull olive	dim maroon
dull olive	striped gold
dull olive	shiny white
dull olive	clear tomato
pale purple	dull salmon
pale purple	drab cyan
pale purple	bright green
pale purple	drab salmon
mirrored lime	posh white
drab blue	pale tomato
drab blue	shiny plum
dim plum	vibrant indigo
dim plum	faded orange
dim plum	wavy cyan
wavy magenta	muted fuchsia
wavy lavender	shiny lime
plaid beige	bright beige
plaid beige	pale black
mirrored gold	muted salmon
mirrored gold	striped black
mirrored gold	dotted red
mirrored gold	dim orange
clear salmon	striped turquoise
clear salmon	muted silver
vibrant purple	vibrant aqua
pale turquoise	wavy maroon
dull brown	dotted purple
dull brown	vibrant turquoise
drab lime	dim magenta
vibrant black	drab magenta
striped silver	shiny bronze
striped silver	striped purple
dim turquoise	pale brown
dim turquoise	bright green
dim turquoise	drab salmon
shiny red	light purple
shiny red	dull orange
shiny red	striped magenta
shiny red	dull red
dotted magenta	faded silver
dotted magenta	dull purple
dotted magenta	dotted tan
dotted lavender	vibrant indigo
dotted lavender	clear plum
shiny indigo	dull lavender
shiny indigo	vibrant tan
shiny indigo	faded lime
shiny indigo	drab tan
striped violet	muted tomato
muted salmon	light cyan
muted salmon	dull tomato
muted salmon	pale chartreuse
muted salmon	dotted gray
mirrored fuchsia	faded silver
mirrored fuchsia	plaid gray
mirrored fuchsia	dotted purple
light aqua	striped gold
light aqua	dark blue
light aqua	dim red
light aqua	wavy gold
dark yellow	pale gray
dark yellow	shiny blue
dark yellow	faded turquoise
striped fuchsia	muted magenta
clear silver	plaid purple
clear silver	plaid indigo
clear silver	muted orange
clear silver	clear plum
posh yellow	posh silver
posh yellow	dotted gold
dark magenta	drab violet
dark magenta	bright purple
dark magenta	shiny coral
dark magenta	striped tan
bright tomato	dotted purple
bright tomato	dotted chartreuse
bright tomato	wavy yellow
bright plum	bright blue
bright plum	faded orange
bright plum	dim coral
bright plum	dotted cyan
shiny maroon	dotted crimson
shiny maroon	bright teal
shiny maroon	dotted fuchsia
shiny maroon	dull green
pale yellow	muted silver
pale yellow	dull teal
pale yellow	muted purple
plaid fuchsia	dull lavender
clear white	light turquoise
striped lavender	plaid lime
striped lavender	dark white
posh cyan	faded coral
posh cyan	light maroon
posh cyan	faded indigo
faded lime	wavy yellow
striped red	plaid indigo
light tan	wavy blue
vibrant violet	striped purple
vibrant violet	light cyan
vibrant violet	faded tan
vibrant violet	light yellow
dotted gold	vibrant indigo
dotted gold	bright bronze
dotted gold	drab silver
dotted gold	muted brown
shiny plum	faded lime
shiny plum	faded orange
shiny plum	vibrant beige
shiny plum	striped orange
striped cyan	clear beige
striped yellow	dim teal
striped yellow	clear maroon
striped yellow	light cyan
muted yellow	drab bronze
muted yellow	pale gray
clear indigo	clear beige
clear indigo	bright silver
clear indigo	dim salmon
striped green	mirrored red
striped green	shiny blue
plaid plum	drab cyan
plaid plum	light lime
plaid plum	muted lavender
pale green	dotted chartreuse
pale green	plaid magenta
wavy bronze	pale purple
wavy bronze	pale teal
wavy bronze	muted bronze
wavy bronze	mirrored beige
clear black	vibrant brown
clear black	pale tomato
clear black	bright teal
clear black	wavy brown
pale fuchsia	pale beige
pale fuchsia	plaid blue
pale fuchsia	light violet
pale fuchsia	striped blue
vibrant magenta	posh plum
vibrant magenta	mirrored turquoise
vibrant magenta	light red
vibrant magenta	pale plum
drab olive	vibrant green
drab olive	dull turquoise
drab olive	muted fuchsia
bright salmon	muted silver
bright salmon	drab purple
bright salmon	pale cyan
shiny coral	wavy magenta
shiny coral	dark olive
mirrored cyan	dim chartreuse
mirrored cyan	pale aqua
plaid blue	bright purple
vibrant tomato	faded tomato
vibrant tomato	muted silver
vibrant tomato	dotted turquoise
mirrored brown	pale black
shiny olive	plaid teal
shiny olive	vibrant fuchsia
shiny blue	dark coral
shiny blue	bright purple
shiny blue	pale cyan
shiny blue	plaid indigo
plaid crimson	wavy crimson
plaid crimson	clear crimson
plaid crimson	vibrant red
striped black	faded chartreuse
striped black	dull brown
striped black	clear cyan
striped black	light teal
wavy gold	dull gray
wavy gold	dark lavender
wavy gold	pale gray
faded turquoise	bright white
faded turquoise	pale bronze
faded turquoise	pale lavender
dull maroon	bright orange
dull maroon	vibrant bronze
dull maroon	drab chartreuse
striped bronze	pale lavender
striped bronze	dull brown
plaid violet	mirrored plum
light violet	drab blue
light violet	plaid beige
light violet	pale crimson
posh lavender	faded tomato
posh lavender	dim crimson
dark salmon	pale crimson
dotted black	wavy lime
dotted black	faded salmon
dotted black	pale blue
dotted black	wavy blue
shiny aqua	bright blue
shiny aqua	drab green
shiny aqua	light teal
shiny aqua	dotted green
shiny salmon	dim magenta
dark silver	shiny tan
dark silver	wavy yellow
dark silver	drab violet
pale red	mirrored cyan
pale red	clear gray
pale red	dotted tan
dark brown	plaid indigo
drab cyan	wavy green
drab cyan	pale gray
drab cyan	dotted purple
drab cyan	dark beige
dim gray	bright salmon
dim gray	clear silver
dim gray	light turquoise
dim gray	drab plum
pale black	plaid coral
pale black	vibrant turquoise
pale black	pale brown
dotted olive	faded blue
dotted olive	dull maroon
dotted olive	dim fuchsia
dotted olive	light fuchsia
posh fuchsia	dark lavender
pale orange	vibrant aqua
pale orange	vibrant green
pale orange	bright coral
faded cyan	clear orange
faded cyan	dull orange
faded cyan	dotted bronze
dim tan	dim chartreuse
dim tan	vibrant turquoise
dim tan	faded coral
dim tan	dim coral
dim gold	wavy magenta
dull aqua	wavy yellow
posh tomato	muted brown
dark gold	muted fuchsia
dark gold	light salmon
clear chartreuse	light coral
plaid chartreuse	light silver
plaid chartreuse	vibrant green
plaid chartreuse	wavy lavender
plaid chartreuse	vibrant turquoise
mirrored red	plaid aqua
mirrored red	clear cyan
mirrored red	mirrored magenta
dim beige	dull green
dim beige	dim green
mirrored beige	drab magenta
mirrored beige	clear tan
mirrored beige	mirrored turquoise
mirrored beige	drab tan
bright maroon	vibrant green
bright maroon	shiny gold
dim aqua	faded coral
dim blue	posh silver
drab silver	vibrant aqua
drab silver	vibrant tan
drab turquoise	light gold
drab turquoise	striped blue
drab turquoise	dark maroon
posh gold	dotted red
muted violet	bright fuchsia
muted violet	muted tomato
muted violet	drab lime
muted violet	dim olive
drab orange	vibrant brown
drab orange	striped bronze
faded orange	bright bronze
drab black	mirrored bronze
drab black	dotted bronze
drab black	light gray
pale salmon	plaid coral
pale salmon	wavy yellow
pale salmon	light coral
dim teal	dark brown
dim teal	dark crimson
dim teal	dull aqua
bright silver	pale beige
bright silver	bright beige
bright silver	wavy maroon
bright silver	drab chartreuse
dull white	dim chartreuse
dull white	vibrant coral
dull white	muted indigo
wavy tomato	bright fuchsia
wavy tomato	dull fuchsia
wavy tomato	pale brown
striped magenta	shiny white
striped magenta	shiny brown
striped magenta	bright tomato
shiny chartreuse	mirrored green
shiny chartreuse	dark salmon
vibrant silver	faded gray
vibrant silver	mirrored orange
vibrant silver	clear black
vibrant silver	pale lavender
dull tan	light black
dull tan	faded brown
dull tan	pale bronze
dull tan	shiny lavender
light gold	wavy beige
light gold	plaid salmon
light gold	shiny cyan
posh plum	dim beige
posh plum	wavy magenta
posh plum	dull fuchsia
posh plum	dull gold
dull red	striped teal
dull red	dark violet
dull red	shiny tomato
dull red	striped yellow
plaid lavender	light purple
faded chartreuse	vibrant yellow
light crimson	wavy orange
light crimson	pale white
light crimson	vibrant turquoise
mirrored chartreuse	muted maroon
wavy white	striped maroon
wavy white	striped aqua
wavy white	dull fuchsia
wavy white	wavy orange
plaid gray	muted brown
plaid gray	shiny brown
drab white	muted yellow
mirrored gray	light tan
bright lavender	drab lime
bright lavender	plaid olive
bright lavender	pale blue
shiny yellow	muted orange
pale bronze	mirrored coral
pale bronze	muted red
drab beige	plaid purple
drab beige	clear magenta
drab beige	faded coral
drab beige	clear beige
vibrant yellow	mirrored lavender
vibrant yellow	light orange
vibrant red	vibrant salmon
vibrant red	plaid teal
vibrant red	dull gray
vibrant red	vibrant gray
wavy olive	shiny bronze
wavy olive	plaid coral
wavy olive	dotted gold
wavy olive	pale brown
muted white	plaid violet
muted white	dim black
faded olive	mirrored chartreuse
muted gold	dim orange
mirrored orange	light purple
mirrored orange	dull lavender
mirrored orange	bright bronze
mirrored orange	pale black
light chartreuse	muted red
light chartreuse	bright violet
pale teal	dim lime
pale teal	pale crimson
pale teal	clear lavender
muted coral	dark green
shiny bronze	pale blue
dim crimson	vibrant indigo
dim crimson	pale crimson
striped gold	dotted gray
light lime	mirrored teal
light lime	dotted cyan
posh magenta	posh salmon
posh magenta	bright bronze
posh magenta	mirrored maroon
posh magenta	vibrant purple
pale chartreuse	bright purple
pale chartreuse	posh salmon
mirrored violet	mirrored magenta
mirrored violet	dotted cyan
mirrored violet	dark beige
mirrored violet	mirrored plum
shiny cyan	bright violet
bright indigo	muted teal
bright indigo	faded silver
bright indigo	dim indigo
striped maroon	shiny magenta
muted bronze	drab salmon
muted bronze	mirrored orange
muted bronze	light coral
muted bronze	clear plum
dotted white	bright plum
dotted white	pale lavender
dotted white	muted red
pale indigo	dull green
pale indigo	drab olive
pale indigo	dull salmon
pale indigo	dark cyan
dark plum	pale white
dark plum	dim plum
clear crimson	wavy blue
clear crimson	dim chartreuse
clear crimson	plaid maroon
clear crimson	dull cyan
striped lime	bright chartreuse
striped lime	striped orange
dark beige	mirrored black
dark beige	dim purple
dark beige	light purple
dark beige	dark brown
clear cyan	mirrored plum
clear cyan	dotted purple
clear cyan	dull fuchsia
clear cyan	bright teal
plaid olive	posh tomato
plaid olive	faded bronze
plaid olive	pale white
plaid indigo	drab silver
plaid indigo	dotted purple
plaid indigo	vibrant green
plaid indigo	vibrant aqua
drab purple	shiny green
drab purple	wavy gray
bright violet	posh salmon
bright violet	shiny bronze
bright violet	vibrant indigo
dark purple	dotted purple
dark purple	striped yellow
dark purple	vibrant purple
dark purple	mirrored lavender
dull silver	clear turquoise
dull silver	dim salmon
drab red	muted tomato
drab red	dim bronze
drab red	mirrored black
drab red	faded salmon
light yellow	mirrored orange
light yellow	vibrant fuchsia
light yellow	drab purple
dim white	mirrored white
dotted lime	dotted magenta
dotted lime	dark maroon
striped blue	pale white
pale tomato	dull teal
pale tomato	vibrant green
pale tomato	bright crimson
mirrored lavender	wavy cyan
mirrored lavender	drab cyan
mirrored lavender	striped olive
dull orange	pale salmon
dull orange	posh olive
dull orange	dark coral
dull orange	plaid coral
pale tan	shiny bronze
pale tan	dim coral
pale tan	vibrant green
pale tan	dotted gold
drab brown	striped teal
dim bronze	drab magenta
dim bronze	mirrored gray
dim bronze	striped purple
clear fuchsia	plaid brown
clear fuchsia	dim bronze
clear fuchsia	posh lime
faded lavender	posh gray
faded lavender	dark cyan
faded lavender	muted tan
bright turquoise	pale white
muted lime	plaid olive
muted lime	muted orange
vibrant bronze	dim silver
vibrant bronze	dotted fuchsia
vibrant bronze	vibrant gray
vibrant bronze	muted brown
drab violet	bright turquoise
drab violet	posh olive
drab violet	wavy olive
drab plum	clear turquoise
drab plum	striped violet
drab plum	muted black
vibrant tan	dull brown
vibrant tan	vibrant indigo
vibrant tan	dim crimson
bright gray	wavy gray
bright gray	clear maroon
faded fuchsia	faded tan
faded fuchsia	clear silver
faded fuchsia	faded tomato
muted magenta	shiny green
muted magenta	pale aqua
plaid green	wavy red
plaid green	pale yellow
plaid green	posh black
dotted orange	clear crimson
dotted orange	bright gold
dotted orange	dim violet
dotted orange	faded gray
faded tomato	drab coral
faded tomato	bright lime
faded tomato	light black
faded tomato	muted olive
pale aqua	light bronze
wavy indigo	bright crimson
drab magenta	plaid coral
dim tomato	clear gold
dim tomato	bright crimson
dim tomato	light beige
dim tomato	striped white
striped turquoise	bright green
striped turquoise	dark bronze
striped turquoise	pale crimson
vibrant lime	shiny maroon
vibrant lime	shiny plum
vibrant lime	dull green
muted fuchsia	dim purple
muted fuchsia	pale cyan
muted fuchsia	pale gray
muted fuchsia	drab salmon
dim cyan	shiny salmon
dim cyan	striped white
dim cyan	plaid chartreuse
mirrored purple	posh plum
mirrored purple	light purple
mirrored purple	plaid aqua
mirrored purple	striped gold
plaid coral	vibrant indigo
plaid coral	bright bronze
plaid coral	dotted purple
plaid maroon	wavy olive
plaid maroon	pale plum
plaid maroon	dark beige
plaid maroon	striped white
plaid turquoise	pale tomato
plaid turquoise	faded white
plaid turquoise	bright teal
drab bronze	mirrored brown
clear coral	plaid maroon
vibrant indigo	striped purple
vibrant indigo	vibrant green
vibrant indigo	dotted purple
vibrant indigo	vibrant turquoise
bright bronze	dotted purple
bright bronze	shiny brown
striped tan	light purple
striped tan	mirrored blue
striped tan	dim magenta
pale brown	wavy green
pale brown	wavy yellow
faded yellow	dotted red
plaid magenta	striped magenta
bright crimson	vibrant tan
bright crimson	dotted gold
bright crimson	striped purple
dull yellow	clear cyan
dotted chartreuse	dim coral
dotted chartreuse	dull gray
dotted chartreuse	posh tomato
vibrant crimson	pale black
vibrant crimson	mirrored silver
vibrant crimson	clear beige
vibrant crimson	drab yellow
wavy red	drab silver
wavy red	shiny salmon
light blue	posh black
light blue	clear magenta
vibrant brown	dim red
drab indigo	shiny aqua
drab indigo	dotted lavender
drab indigo	dim brown
drab indigo	faded purple
pale plum	wavy blue
pale plum	posh bronze
pale plum	pale lime
muted beige	bright bronze
muted beige	dull olive
muted purple	striped purple
faded silver	light purple
faded silver	bright tomato
faded silver	mirrored magenta
vibrant olive	muted turquoise
vibrant olive	wavy blue
vibrant olive	dotted silver
vibrant olive	striped tan
